"","bnum","react_id","all_r_per_g_homo","name","organism","reversible","direction"
"1","b0003","HSK",TRUE,"thrB","Escherichia coli str. K-12 substr. MG1655",FALSE,"fwd"
"6","b0009","MPTAT",TRUE,"mog","Escherichia coli str. K-12 substr. MG1655",FALSE,"fwd"
"7","b0019","NAt3_2pp",TRUE,"nhaA","Escherichia coli str. K-12 substr. MG1655",FALSE,"fwd"
"10","b0026","ILETRS",TRUE,"ileS","Escherichia coli str. K-12 substr. MG1655",FALSE,"fwd"
"16","b0031","DHDPRy",TRUE,"dapB","Escherichia coli str. K-12 substr. MG1655",FALSE,"fwd"
"29","b0062","ARAI",TRUE,"araA","Escherichia coli str. K-12 substr. MG1655",TRUE,"fwd"
"291","b0062","ARAI_b",TRUE,"araA","Escherichia coli str. K-12 substr. MG1655",TRUE,"bwd"
"31","b0073","IPMD",TRUE,"leuB","Escherichia coli str. K-12 substr. MG1655",FALSE,"fwd"
"32","b0074","IPPS",TRUE,"leuA","Escherichia coli str. K-12 substr. MG1655",FALSE,"fwd"
"33","b0085","UAAGDS",TRUE,"murE","Escherichia coli str. K-12 substr. MG1655",FALSE,"fwd"
"34","b0086","UGMDDS",TRUE,"murF","Escherichia coli str. K-12 substr. MG1655",FALSE,"fwd"
"35","b0087","PAPPT3",TRUE,"mraY","Escherichia coli str. K-12 substr. MG1655",FALSE,"fwd"
"36","b0088","UAMAGS",TRUE,"murD","Escherichia coli str. K-12 substr. MG1655",FALSE,"fwd"
"37","b0090","UAGPT3",TRUE,"murG","Escherichia coli str. K-12 substr. MG1655",FALSE,"fwd"
"38","b0091","UAMAS",TRUE,"murC","Escherichia coli str. K-12 substr. MG1655",FALSE,"fwd"
"39","b0096","UHGADA",TRUE,"lpxC","Escherichia coli str. K-12 substr. MG1655",FALSE,"fwd"
"40","b0103","DPCOAK",TRUE,"coaE","Escherichia coli str. K-12 substr. MG1655",FALSE,"fwd"
"41","b0104","GMPR",TRUE,"guaC","Escherichia coli str. K-12 substr. MG1655",FALSE,"fwd"
"42","b0109","NNDPR",TRUE,"nadC","Escherichia coli str. K-12 substr. MG1655",FALSE,"fwd"
"49","b0120","ADMDC",TRUE,"speD","Escherichia coli str. K-12 substr. MG1655",FALSE,"fwd"
"54","b0131","ASP1DC",TRUE,"panD","Escherichia coli str. K-12 substr. MG1655",FALSE,"fwd"
"55","b0133","PANTS",TRUE,"panC","Escherichia coli str. K-12 substr. MG1655",FALSE,"fwd"
"56","b0134","MOHMT",TRUE,"panB","Escherichia coli str. K-12 substr. MG1655",FALSE,"fwd"
"57","b0142","HPPK2",TRUE,"folK","Escherichia coli str. K-12 substr. MG1655",FALSE,"fwd"
"58","b0154","G1SAT",TRUE,"hemL","Escherichia coli str. K-12 substr. MG1655",TRUE,"fwd"
"582","b0154","G1SAT_b",TRUE,"hemL","Escherichia coli str. K-12 substr. MG1655",TRUE,"bwd"
"64","b0166","THDPS",TRUE,"dapD","Escherichia coli str. K-12 substr. MG1655",FALSE,"fwd"
"65","b0173","DXPRIi",TRUE,"dxr","Escherichia coli str. K-12 substr. MG1655",FALSE,"fwd"
"66","b0174","UDCPDPS",TRUE,"ispU","Escherichia coli str. K-12 substr. MG1655",FALSE,"fwd"
"74","b0179","U23GAAT",TRUE,"lpxD","Escherichia coli str. K-12 substr. MG1655",FALSE,"fwd"
"77","b0182","LPADSS",TRUE,"lpxB","Escherichia coli str. K-12 substr. MG1655",FALSE,"fwd"
"78","b0194","PROTRS",TRUE,"proS","Escherichia coli str. K-12 substr. MG1655",FALSE,"fwd"
"79","b0200","GMHEPPA",TRUE,"gmhB","Escherichia coli str. K-12 substr. MG1655",FALSE,"fwd"
"80","b0212","GLYOX",TRUE,"gloB","Escherichia coli str. K-12 substr. MG1655",FALSE,"fwd"
"89","b0222","S7PI",TRUE,"gmhA","Escherichia coli str. K-12 substr. MG1655",FALSE,"fwd"
"92","b0242","GLU5K",TRUE,"proB","Escherichia coli str. K-12 substr. MG1655",FALSE,"fwd"
"93","b0243","G5SD",TRUE,"proA","Escherichia coli str. K-12 substr. MG1655",FALSE,"fwd"
"94","b0260","MMETt2pp",TRUE,"mmuP","Escherichia coli str. K-12 substr. MG1655",FALSE,"fwd"
"97","b0311","CHOLD",TRUE,"betA","Escherichia coli str. K-12 substr. MG1655",FALSE,"fwd"
"100","b0331","MCITL2",TRUE,"prpB","Escherichia coli str. K-12 substr. MG1655",TRUE,"fwd"
"1001","b0331","MCITL2_b",TRUE,"prpB","Escherichia coli str. K-12 substr. MG1655",TRUE,"bwd"
"101","b0333","MCITS",TRUE,"prpC","Escherichia coli str. K-12 substr. MG1655",FALSE,"fwd"
"102","b0334","MCITD",TRUE,"prpD","Escherichia coli str. K-12 substr. MG1655",FALSE,"fwd"
"103","b0336","CSNt2pp",TRUE,"codB","Escherichia coli str. K-12 substr. MG1655",FALSE,"fwd"
"104","b0337","CSND",TRUE,"codA","Escherichia coli str. K-12 substr. MG1655",FALSE,"fwd"
"105","b0340","CYNTAH",TRUE,"cynS","Escherichia coli str. K-12 substr. MG1655",FALSE,"fwd"
"106","b0341","CYNTt2pp",TRUE,"cynX","Escherichia coli str. K-12 substr. MG1655",FALSE,"fwd"
"107","b0343","LCTStpp",TRUE,"lacY","Escherichia coli str. K-12 substr. MG1655",TRUE,"fwd"
"1071","b0343","LCTStpp_b",TRUE,"lacY","Escherichia coli str. K-12 substr. MG1655",TRUE,"bwd"
"108","b0344","LACZ",TRUE,"lacZ","Escherichia coli str. K-12 substr. MG1655",FALSE,"fwd"
"115","b0350","OP4ENH",TRUE,"mhpD","Escherichia coli str. K-12 substr. MG1655",FALSE,"fwd"
"116","b0352","HOPNTAL",TRUE,"mhpE","Escherichia coli str. K-12 substr. MG1655",FALSE,"fwd"
"121","b0368","TAUDO",TRUE,"tauD","Escherichia coli str. K-12 substr. MG1655",FALSE,"fwd"
"122","b0369","PPBNGS",TRUE,"hemB","Escherichia coli str. K-12 substr. MG1655",FALSE,"fwd"
"123","b0383","PPTHpp",TRUE,"phoA","Escherichia coli str. K-12 substr. MG1655",FALSE,"fwd"
"124","b0386","P5CR",TRUE,"proC","Escherichia coli str. K-12 substr. MG1655",FALSE,"fwd"
"125","b0394","HEX7",TRUE,"mak","Escherichia coli str. K-12 substr. MG1655",FALSE,"fwd"
"149","b0415","RBFSb",TRUE,"ribE","Escherichia coli str. K-12 substr. MG1655",FALSE,"fwd"
"150","b0417","TMPK",TRUE,"thiL","Escherichia coli str. K-12 substr. MG1655",FALSE,"fwd"
"151","b0420","DXPS",TRUE,"dxs","Escherichia coli str. K-12 substr. MG1655",FALSE,"fwd"
"154","b0428","HEMEOS",TRUE,"cyoE","Escherichia coli str. K-12 substr. MG1655",FALSE,"fwd"
"158","b0444","CCGS",TRUE,"queC","Escherichia coli str. K-12 substr. MG1655",FALSE,"fwd"
"159","b0451","NH4tpp",TRUE,"amtB","Escherichia coli str. K-12 substr. MG1655",TRUE,"fwd"
"1591","b0451","NH4tpp_b",TRUE,"amtB","Escherichia coli str. K-12 substr. MG1655",TRUE,"bwd"
"172","b0469","ADPT",TRUE,"apt","Escherichia coli str. K-12 substr. MG1655",FALSE,"fwd"
"178","b0475","FCLT",TRUE,"hemH","Escherichia coli str. K-12 substr. MG1655",FALSE,"fwd"
"186","b0484","CU1abcpp",TRUE,"copA","Escherichia coli str. K-12 substr. MG1655",FALSE,"fwd"
"208","b0505","UGLYCH",TRUE,"allA","Escherichia coli str. K-12 substr. MG1655",FALSE,"fwd"
"209","b0507","GLXCL",TRUE,"gcl","Escherichia coli str. K-12 substr. MG1655",FALSE,"fwd"
"210","b0508","HPYRI",TRUE,"hyi","Escherichia coli str. K-12 substr. MG1655",TRUE,"fwd"
"2101","b0508","HPYRI_b",TRUE,"hyi","Escherichia coli str. K-12 substr. MG1655",TRUE,"bwd"
"211","b0511","ALLTNt2rpp",TRUE,"ybbW","Escherichia coli str. K-12 substr. MG1655",TRUE,"fwd"
"2111","b0511","ALLTNt2rpp_b",TRUE,"ybbW","Escherichia coli str. K-12 substr. MG1655",TRUE,"bwd"
"212","b0512","ALLTN",TRUE,"allB","Escherichia coli str. K-12 substr. MG1655",FALSE,"fwd"
"213","b0514","GLYCK",TRUE,"glxK","Escherichia coli str. K-12 substr. MG1655",FALSE,"fwd"
"214","b0516","ALLTAMH",TRUE,"allC","Escherichia coli str. K-12 substr. MG1655",FALSE,"fwd"
"215","b0517","URDGLYCD",TRUE,"allD","Escherichia coli str. K-12 substr. MG1655",FALSE,"fwd"
"216","b0522","AIRC2",TRUE,"purK","Escherichia coli str. K-12 substr. MG1655",FALSE,"fwd"
"217","b0523","AIRC3",TRUE,"purE","Escherichia coli str. K-12 substr. MG1655",TRUE,"fwd"
"2171","b0523","AIRC3_b",TRUE,"purE","Escherichia coli str. K-12 substr. MG1655",TRUE,"bwd"
"218","b0524","USHD",TRUE,"lpxH","Escherichia coli str. K-12 substr. MG1655",FALSE,"fwd"
"219","b0526","CYSTRS",TRUE,"cysS","Escherichia coli str. K-12 substr. MG1655",FALSE,"fwd"
"224","b0583","ENTCS",TRUE,"entD","Escherichia coli str. K-12 substr. MG1655",FALSE,"fwd"
"227","b0586","SERASr",TRUE,"entF","Escherichia coli str. K-12 substr. MG1655",TRUE,"fwd"
"2271","b0586","SERASr_b",TRUE,"entF","Escherichia coli str. K-12 substr. MG1655",TRUE,"bwd"
"228","b0591","FEENTERtpp",TRUE,"entS","Escherichia coli str. K-12 substr. MG1655",FALSE,"fwd"
"229","b0593","ICHORS_copy2",TRUE,"entC","Escherichia coli str. K-12 substr. MG1655",FALSE,"fwd"
"230","b0594","DHBS",TRUE,"entE","Escherichia coli str. K-12 substr. MG1655",FALSE,"fwd"
"231","b0595","ICHORT",TRUE,"entB","Escherichia coli str. K-12 substr. MG1655",FALSE,"fwd"
"232","b0596","DHBD",TRUE,"entA","Escherichia coli str. K-12 substr. MG1655",TRUE,"fwd"
"2321","b0596","DHBD_b",TRUE,"entA","Escherichia coli str. K-12 substr. MG1655",TRUE,"bwd"
"234","b0612","CITt7pp",TRUE,"citT","Escherichia coli str. K-12 substr. MG1655",FALSE,"fwd"
"235","b0613","TPRDCOAS",TRUE,"citG","Escherichia coli str. K-12 substr. MG1655",FALSE,"fwd"
"238","b0628","LIPOS",TRUE,"lipA","Escherichia coli str. K-12 substr. MG1655",FALSE,"fwd"
"239","b0630","LIPOCT",TRUE,"lipB","Escherichia coli str. K-12 substr. MG1655",FALSE,"fwd"
"240","b0638","RZ5PP",TRUE,"cobC","Escherichia coli str. K-12 substr. MG1655",FALSE,"fwd"
"242","b0642","LEUTRS",TRUE,"leuS","Escherichia coli str. K-12 substr. MG1655",FALSE,"fwd"
"243","b0662","OMMBLHX",TRUE,"ubiF","Escherichia coli str. K-12 substr. MG1655",FALSE,"fwd"
"244","b0674","ASNS1",TRUE,"asnB","Escherichia coli str. K-12 substr. MG1655",FALSE,"fwd"
"245","b0677","AGDC",TRUE,"nagA","Escherichia coli str. K-12 substr. MG1655",FALSE,"fwd"
"246","b0678","G6PDA",TRUE,"nagB","Escherichia coli str. K-12 substr. MG1655",FALSE,"fwd"
"247","b0680","GLNTRS",TRUE,"glnS","Escherichia coli str. K-12 substr. MG1655",FALSE,"fwd"
"249","b0720","CS",TRUE,"gltA","Escherichia coli str. K-12 substr. MG1655",FALSE,"fwd"
"250","b0732","MANPGH",TRUE,"mngB","Escherichia coli str. K-12 substr. MG1655",FALSE,"fwd"
"251","b0736","DHNCOAT",TRUE,"ybgC","Escherichia coli str. K-12 substr. MG1655",FALSE,"fwd"
"252","b0750","QULNS",TRUE,"nadA","Escherichia coli str. K-12 substr. MG1655",FALSE,"fwd"
"253","b0751","NMNPtpp",TRUE,"pnuC","Escherichia coli str. K-12 substr. MG1655",FALSE,"fwd"
"254","b0756","GALM2pp",TRUE,"galM","Escherichia coli str. K-12 substr. MG1655",FALSE,"fwd"
"255","b0758","UGLT",TRUE,"galT","Escherichia coli str. K-12 substr. MG1655",TRUE,"fwd"
"2551","b0758","UGLT_b",TRUE,"galT","Escherichia coli str. K-12 substr. MG1655",TRUE,"bwd"
"256","b0759","UDPG4E",TRUE,"galE","Escherichia coli str. K-12 substr. MG1655",TRUE,"fwd"
"2561","b0759","UDPG4E_b",TRUE,"galE","Escherichia coli str. K-12 substr. MG1655",TRUE,"bwd"
"258","b0767","PGL",TRUE,"pgl","Escherichia coli str. K-12 substr. MG1655",FALSE,"fwd"
"259","b0774","AMAOTr",TRUE,"bioA","Escherichia coli str. K-12 substr. MG1655",TRUE,"fwd"
"2591","b0774","AMAOTr_b",TRUE,"bioA","Escherichia coli str. K-12 substr. MG1655",TRUE,"bwd"
"260","b0775","BTS5",TRUE,"bioB","Escherichia coli str. K-12 substr. MG1655",FALSE,"fwd"
"261","b0776","AOXSr2",TRUE,"bioF","Escherichia coli str. K-12 substr. MG1655",FALSE,"fwd"
"262","b0777","MALCOAMT",TRUE,"bioC","Escherichia coli str. K-12 substr. MG1655",FALSE,"fwd"
"263","b0778","DBTS",TRUE,"bioD","Escherichia coli str. K-12 substr. MG1655",FALSE,"fwd"
"269","b0826","MPTSS",TRUE,"moeB","Escherichia coli str. K-12 substr. MG1655",FALSE,"fwd"
"274","b0871","POX",TRUE,"poxB","Escherichia coli str. K-12 substr. MG1655",FALSE,"fwd"
"275","b0875","H2Otpp",TRUE,"aqpZ","Escherichia coli str. K-12 substr. MG1655",TRUE,"fwd"
"2751","b0875","H2Otpp_b",TRUE,"aqpZ","Escherichia coli str. K-12 substr. MG1655",TRUE,"bwd"
"280","b0908","PSCVT",TRUE,"aroA","Escherichia coli str. K-12 substr. MG1655",TRUE,"fwd"
"2801","b0908","PSCVT_b",TRUE,"aroA","Escherichia coli str. K-12 substr. MG1655",TRUE,"bwd"
"315","b0915","TDSK",TRUE,"lpxK","Escherichia coli str. K-12 substr. MG1655",FALSE,"fwd"
"316","b0918","KDOCT2",TRUE,"kdsB","Escherichia coli str. K-12 substr. MG1655",FALSE,"fwd"
"318","b0930","ASNTRS",TRUE,"asnS","Escherichia coli str. K-12 substr. MG1655",FALSE,"fwd"
"319","b0931","NAMNPP",TRUE,"pncB","Escherichia coli str. K-12 substr. MG1655",FALSE,"fwd"
"328","b0963","MGSA",TRUE,"mgsA","Escherichia coli str. K-12 substr. MG1655",FALSE,"fwd"
"340","b1006","URAt2pp_copy2",TRUE,"rutG","Escherichia coli str. K-12 substr. MG1655",TRUE,"fwd"
"3401","b1006","URAt2pp_copy2_b",TRUE,"rutG","Escherichia coli str. K-12 substr. MG1655",TRUE,"bwd"
"341","b1009","3AMACHYD",TRUE,"rutD","Escherichia coli str. K-12 substr. MG1655",FALSE,"fwd"
"342","b1010","POAACR",TRUE,"rutC","Escherichia coli str. K-12 substr. MG1655",FALSE,"fwd"
"343","b1011","URACPAH",TRUE,"rutB","Escherichia coli str. K-12 substr. MG1655",FALSE,"fwd"
"348","b1054","EDTXS1",TRUE,"lpxL","Escherichia coli str. K-12 substr. MG1655",FALSE,"fwd"
"351","b1062","DHORTS",TRUE,"pyrC","Escherichia coli str. K-12 substr. MG1655",TRUE,"fwd"
"3511","b1062","DHORTS_b",TRUE,"pyrC","Escherichia coli str. K-12 substr. MG1655",TRUE,"bwd"
"369","b1096","ADCL",TRUE,"pabC","Escherichia coli str. K-12 substr. MG1655",FALSE,"fwd"
"370","b1098","DTMPK",TRUE,"tmk","Escherichia coli str. K-12 substr. MG1655",TRUE,"fwd"
"3701","b1098","DTMPK_b",TRUE,"tmk","Escherichia coli str. K-12 substr. MG1655",TRUE,"bwd"
"371","b1106","TMK",TRUE,"thiK","Escherichia coli str. K-12 substr. MG1655",FALSE,"fwd"
"378","b1119","ACGAMK",TRUE,"nagK","Escherichia coli str. K-12 substr. MG1655",FALSE,"fwd"
"382","b1136","ICDHyr",TRUE,"icd","Escherichia coli str. K-12 substr. MG1655",TRUE,"fwd"
"3821","b1136","ICDHyr_b",TRUE,"icd","Escherichia coli str. K-12 substr. MG1655",TRUE,"bwd"
"383","b1186","NAt3_1p5pp",TRUE,"nhaB","Escherichia coli str. K-12 substr. MG1655",FALSE,"fwd"
"384","b1189","DAAD",TRUE,"dadA","Escherichia coli str. K-12 substr. MG1655",FALSE,"fwd"
"389","b1197","TREHpp",TRUE,"treA","Escherichia coli str. K-12 substr. MG1655",FALSE,"fwd"
"390","b1206","SO4t2pp",TRUE,"dauA","Escherichia coli str. K-12 substr. MG1655",FALSE,"fwd"
"391","b1207","PRPPS",TRUE,"prs","Escherichia coli str. K-12 substr. MG1655",TRUE,"fwd"
"3911","b1207","PRPPS_b",TRUE,"prs","Escherichia coli str. K-12 substr. MG1655",TRUE,"bwd"
"392","b1208","CDPMEK",TRUE,"ispE","Escherichia coli str. K-12 substr. MG1655",FALSE,"fwd"
"393","b1210","GLUTRR",TRUE,"hemA","Escherichia coli str. K-12 substr. MG1655",FALSE,"fwd"
"394","b1215","KDOPS",TRUE,"kdsA","Escherichia coli str. K-12 substr. MG1655",FALSE,"fwd"
"396","b1232","FTHFD",TRUE,"purU","Escherichia coli str. K-12 substr. MG1655",FALSE,"fwd"
"397","b1236","GALUi",TRUE,"galU","Escherichia coli str. K-12 substr. MG1655",FALSE,"fwd"
"405","b1277","GTPCII2",TRUE,"ribA","Escherichia coli str. K-12 substr. MG1655",FALSE,"fwd"
"420","b1281","OMPDC",TRUE,"pyrF","Escherichia coli str. K-12 substr. MG1655",FALSE,"fwd"
"448","b1298","GGGABAH",TRUE,"puuD","Escherichia coli str. K-12 substr. MG1655",FALSE,"fwd"
"451","b1301","GGPTRCO",TRUE,"puuB","Escherichia coli str. K-12 substr. MG1655",FALSE,"fwd"
"452","b1308","CYANSTpp",TRUE,"pspE","Escherichia coli str. K-12 substr. MG1655",FALSE,"fwd"
"453","b1325","ALAGLUE",TRUE,"ycjG","Escherichia coli str. K-12 substr. MG1655",TRUE,"fwd"
"4531","b1325","ALAGLUE_b",TRUE,"ycjG","Escherichia coli str. K-12 substr. MG1655",TRUE,"bwd"
"454","b1326","LADGMDH",TRUE,"mpaA","Escherichia coli str. K-12 substr. MG1655",FALSE,"fwd"
"455","b1385","ALDD19xr",TRUE,"feaB","Escherichia coli str. K-12 substr. MG1655",TRUE,"fwd"
"4551","b1385","ALDD19xr_b",TRUE,"feaB","Escherichia coli str. K-12 substr. MG1655",TRUE,"bwd"
"459","b1387","OXCOAHDH",TRUE,"paaZ","Escherichia coli str. K-12 substr. MG1655",FALSE,"fwd"
"460","b1393","DHACOAH",TRUE,"paaF","Escherichia coli str. K-12 substr. MG1655",TRUE,"fwd"
"4601","b1393","DHACOAH_b",TRUE,"paaF","Escherichia coli str. K-12 substr. MG1655",TRUE,"bwd"
"462","b1395","HADPCOADH3",TRUE,"paaH","Escherichia coli str. K-12 substr. MG1655",TRUE,"fwd"
"4621","b1395","HADPCOADH3_b",TRUE,"paaH","Escherichia coli str. K-12 substr. MG1655",TRUE,"bwd"
"464","b1398","PACCOAL",TRUE,"paaK","Escherichia coli str. K-12 substr. MG1655",FALSE,"fwd"
"467","b1444","ABUTD",TRUE,"patD","Escherichia coli str. K-12 substr. MG1655",FALSE,"fwd"
"468","b1453","ASNt2rpp",TRUE,"ansP","Escherichia coli str. K-12 substr. MG1655",TRUE,"fwd"
"4681","b1453","ASNt2rpp_b",TRUE,"ansP","Escherichia coli str. K-12 substr. MG1655",TRUE,"bwd"
"469","b1463","ACANTHAT",TRUE,"nhoA","Escherichia coli str. K-12 substr. MG1655",FALSE,"fwd"
"470","b1479","ME1",TRUE,"maeA","Escherichia coli str. K-12 substr. MG1655",FALSE,"fwd"
"471","b1488","ALAALAD",TRUE,"ddpX","Escherichia coli str. K-12 substr. MG1655",FALSE,"fwd"
"474","b1492","GLUABUTt7pp",TRUE,"gadC","Escherichia coli str. K-12 substr. MG1655",TRUE,"fwd"
"4741","b1492","GLUABUTt7pp_b",TRUE,"gadC","Escherichia coli str. K-12 substr. MG1655",TRUE,"bwd"
"475","b1519","ACONMT",TRUE,"tam","Escherichia coli str. K-12 substr. MG1655",FALSE,"fwd"
"476","b1521","TAGURr",TRUE,"uxaB","Escherichia coli str. K-12 substr. MG1655",TRUE,"fwd"
"4761","b1521","TAGURr_b",TRUE,"uxaB","Escherichia coli str. K-12 substr. MG1655",TRUE,"bwd"
"485","b1605","ARGORNt7pp",TRUE,"ydgI","Escherichia coli str. K-12 substr. MG1655",TRUE,"fwd"
"4851","b1605","ARGORNt7pp_b",TRUE,"ydgI","Escherichia coli str. K-12 substr. MG1655",TRUE,"bwd"
"487","b1613","MAN6PI",TRUE,"manA","Escherichia coli str. K-12 substr. MG1655",TRUE,"fwd"
"4871","b1613","MAN6PI_b",TRUE,"manA","Escherichia coli str. K-12 substr. MG1655",TRUE,"bwd"
"490","b1637","TYRTRS",TRUE,"tyrS","Escherichia coli str. K-12 substr. MG1655",FALSE,"fwd"
"493","b1640","ANHMK",TRUE,"anmK","Escherichia coli str. K-12 substr. MG1655",FALSE,"fwd"
"494","b1646","SPODMpp",TRUE,"sodC","Escherichia coli str. K-12 substr. MG1655",FALSE,"fwd"
"495","b1651","LGTHL",TRUE,"gloA","Escherichia coli str. K-12 substr. MG1655",FALSE,"fwd"
"500","b1662","RBFSa",TRUE,"ribC","Escherichia coli str. K-12 substr. MG1655",FALSE,"fwd"
"502","b1693","DHQTi",TRUE,"aroD","Escherichia coli str. K-12 substr. MG1655",FALSE,"fwd"
"503","b1702","PPS",TRUE,"ppsA","Escherichia coli str. K-12 substr. MG1655",FALSE,"fwd"
"505","b1719","THRTRS",TRUE,"thrS","Escherichia coli str. K-12 substr. MG1655",FALSE,"fwd"
"506","b1734","DC6PH",TRUE,"chbF","Escherichia coli str. K-12 substr. MG1655",FALSE,"fwd"
"507","b1740","NADS1",TRUE,"nadE","Escherichia coli str. K-12 substr. MG1655",FALSE,"fwd"
"508","b1744","SGDS",TRUE,"astE","Escherichia coli str. K-12 substr. MG1655",FALSE,"fwd"
"509","b1745","SADH",TRUE,"astB","Escherichia coli str. K-12 substr. MG1655",FALSE,"fwd"
"510","b1746","SGSAD",TRUE,"astD","Escherichia coli str. K-12 substr. MG1655",FALSE,"fwd"
"511","b1747","AST",TRUE,"astA","Escherichia coli str. K-12 substr. MG1655",FALSE,"fwd"
"513","b1761","GLUDy",TRUE,"gdhA","Escherichia coli str. K-12 substr. MG1655",TRUE,"fwd"
"5131","b1761","GLUDy_b",TRUE,"gdhA","Escherichia coli str. K-12 substr. MG1655",TRUE,"bwd"
"514","b1764","SELNPS",TRUE,"selD","Escherichia coli str. K-12 substr. MG1655",FALSE,"fwd"
"515","b1768","NNAM",TRUE,"pncA","Escherichia coli str. K-12 substr. MG1655",FALSE,"fwd"
"517","b1800","MALDDH",TRUE,"dmlA","Escherichia coli str. K-12 substr. MG1655",FALSE,"fwd"
"521","b1851","EDD",TRUE,"edd","Escherichia coli str. K-12 substr. MG1655",FALSE,"fwd"
"522","b1852","G6PDH2r",TRUE,"zwf","Escherichia coli str. K-12 substr. MG1655",TRUE,"fwd"
"5221","b1852","G6PDH2r_b",TRUE,"zwf","Escherichia coli str. K-12 substr. MG1655",TRUE,"bwd"
"525","b1866","ASPTRS",TRUE,"aspS","Escherichia coli str. K-12 substr. MG1655",FALSE,"fwd"
"526","b1876","ARGTRS",TRUE,"argS","Escherichia coli str. K-12 substr. MG1655",FALSE,"fwd"
"527","b1896","TRE6PS",TRUE,"otsA","Escherichia coli str. K-12 substr. MG1655",FALSE,"fwd"
"528","b1897","TRE6PP",TRUE,"otsB","Escherichia coli str. K-12 substr. MG1655",FALSE,"fwd"
"536","b1919","CYSDDS",TRUE,"dcyD","Escherichia coli str. K-12 substr. MG1655",FALSE,"fwd"
"537","b1927","AAMYL",TRUE,"amyA","Escherichia coli str. K-12 substr. MG1655",FALSE,"fwd"
"538","b1981","SKMt2pp",TRUE,"shiA","Escherichia coli str. K-12 substr. MG1655",FALSE,"fwd"
"539","b1982","AMPN",TRUE,"amn","Escherichia coli str. K-12 substr. MG1655",FALSE,"fwd"
"540","b1991","NNDMBRT",TRUE,"cobT","Escherichia coli str. K-12 substr. MG1655",FALSE,"fwd"
"541","b1992","ADOCBLS",TRUE,"cobS","Escherichia coli str. K-12 substr. MG1655",FALSE,"fwd"
"544","b2019","ATPPRT",TRUE,"hisG","Escherichia coli str. K-12 substr. MG1655",FALSE,"fwd"
"545","b2020","HISTD",TRUE,"hisD","Escherichia coli str. K-12 substr. MG1655",FALSE,"fwd"
"546","b2021","HSTPT",TRUE,"hisC","Escherichia coli str. K-12 substr. MG1655",FALSE,"fwd"
"549","b2024","PRMICI",TRUE,"hisA","Escherichia coli str. K-12 substr. MG1655",TRUE,"fwd"
"5491","b2024","PRMICI_b",TRUE,"hisA","Escherichia coli str. K-12 substr. MG1655",TRUE,"bwd"
"552","b2028","UDPGD",TRUE,"ugd","Escherichia coli str. K-12 substr. MG1655",FALSE,"fwd"
"553","b2029","GND",TRUE,"gnd","Escherichia coli str. K-12 substr. MG1655",FALSE,"fwd"
"554","b2032","O16GLCT1",TRUE,"wbbK","Escherichia coli str. K-12 substr. MG1655",FALSE,"fwd"
"555","b2033","O16AT",TRUE,"wbbJ","Escherichia coli str. K-12 substr. MG1655",FALSE,"fwd"
"556","b2034","O16GALFT",TRUE,"wbbI","Escherichia coli str. K-12 substr. MG1655",FALSE,"fwd"
"557","b2036","UDPGALM",TRUE,"glf","Escherichia coli str. K-12 substr. MG1655",FALSE,"fwd"
"558","b2037","O16AUNDtpp",TRUE,"wzxB","Escherichia coli str. K-12 substr. MG1655",FALSE,"fwd"
"559","b2038","TDPDRE",TRUE,"rfbC","Escherichia coli str. K-12 substr. MG1655",FALSE,"fwd"
"560","b2040","TDPDRR",TRUE,"rfbD","Escherichia coli str. K-12 substr. MG1655",FALSE,"fwd"
"561","b2048","PMANM",TRUE,"cpsG","Escherichia coli str. K-12 substr. MG1655",TRUE,"fwd"
"5611","b2048","PMANM_b",TRUE,"cpsG","Escherichia coli str. K-12 substr. MG1655",TRUE,"bwd"
"562","b2049","MAN1PT2",TRUE,"cpsB","Escherichia coli str. K-12 substr. MG1655",FALSE,"fwd"
"563","b2051","GDPMNH",TRUE,"wcaH","Escherichia coli str. K-12 substr. MG1655",FALSE,"fwd"
"566","b2053","GMAND",TRUE,"gmd","Escherichia coli str. K-12 substr. MG1655",FALSE,"fwd"
"567","b2065","DCTPD",TRUE,"dcd","Escherichia coli str. K-12 substr. MG1655",FALSE,"fwd"
"570","b2091","GLTPD",TRUE,"gatD","Escherichia coli str. K-12 substr. MG1655",TRUE,"fwd"
"5701","b2091","GLTPD_b",TRUE,"gatD","Escherichia coli str. K-12 substr. MG1655",TRUE,"bwd"
"572","b2104","HETZK",TRUE,"thiM","Escherichia coli str. K-12 substr. MG1655",FALSE,"fwd"
"573","b2114","METTRS",TRUE,"metG","Escherichia coli str. K-12 substr. MG1655",FALSE,"fwd"
"574","b2132","LACZpp",TRUE,"bglX","Escherichia coli str. K-12 substr. MG1655",FALSE,"fwd"
"578","b2153","GTPCI",TRUE,"folE","Escherichia coli str. K-12 substr. MG1655",FALSE,"fwd"
"579","b2156","LYSt2pp",TRUE,"lysP","Escherichia coli str. K-12 substr. MG1655",FALSE,"fwd"
"580","b2168","FRUK",TRUE,"fruK","Escherichia coli str. K-12 substr. MG1655",FALSE,"fwd"
"581","b2174","COLIPAKpp",TRUE,"lpxT","Escherichia coli str. K-12 substr. MG1655",FALSE,"fwd"
"594","b2240","GLYC3Pt6pp",TRUE,"glpT","Escherichia coli str. K-12 substr. MG1655",FALSE,"fwd"
"595","b2253","UDPKAAT",TRUE,"arnB","Escherichia coli str. K-12 substr. MG1655",TRUE,"fwd"
"5951","b2253","UDPKAAT_b",TRUE,"arnB","Escherichia coli str. K-12 substr. MG1655",TRUE,"bwd"
"596","b2254","UPLA4FNT",TRUE,"arnC","Escherichia coli str. K-12 substr. MG1655",FALSE,"fwd"
"599","b2256","UPLA4FNF",TRUE,"arnD","Escherichia coli str. K-12 substr. MG1655",FALSE,"fwd"
"600","b2257","LA4NTpp",TRUE,"arnT","Escherichia coli str. K-12 substr. MG1655",FALSE,"fwd"
"601","b2260","SUCBZL",TRUE,"menE","Escherichia coli str. K-12 substr. MG1655",FALSE,"fwd"
"602","b2261","SUCBZS",TRUE,"menC","Escherichia coli str. K-12 substr. MG1655",FALSE,"fwd"
"603","b2262","DHNCOAS",TRUE,"menB","Escherichia coli str. K-12 substr. MG1655",FALSE,"fwd"
"604","b2263","SHCHCS3",TRUE,"menH","Escherichia coli str. K-12 substr. MG1655",FALSE,"fwd"
"605","b2264","SEPHCHCS",TRUE,"menD","Escherichia coli str. K-12 substr. MG1655",FALSE,"fwd"
"606","b2265","ICHORS_copy1",TRUE,"menF","Escherichia coli str. K-12 substr. MG1655",TRUE,"fwd"
"6061","b2265","ICHORS_copy1_b",TRUE,"menF","Escherichia coli str. K-12 substr. MG1655",TRUE,"bwd"
"608","b2303","DHPTPE",TRUE,"folX","Escherichia coli str. K-12 substr. MG1655",TRUE,"fwd"
"6081","b2303","DHPTPE_b",TRUE,"folX","Escherichia coli str. K-12 substr. MG1655",TRUE,"bwd"
"609","b2312","GLUPRT",TRUE,"purF","Escherichia coli str. K-12 substr. MG1655",FALSE,"fwd"
"610","b2315","DHFS",TRUE,"folC","Escherichia coli str. K-12 substr. MG1655",FALSE,"fwd"
"611","b2320","PERD",TRUE,"pdxB","Escherichia coli str. K-12 substr. MG1655",TRUE,"fwd"
"6111","b2320","PERD_b",TRUE,"pdxB","Escherichia coli str. K-12 substr. MG1655",TRUE,"bwd"
"617","b2329","CHORS",TRUE,"aroC","Escherichia coli str. K-12 substr. MG1655",FALSE,"fwd"
"625","b2366","SERD_D",TRUE,"dsdA","Escherichia coli str. K-12 substr. MG1655",FALSE,"fwd"
"626","b2373","OXCDC",TRUE,"oxc","Escherichia coli str. K-12 substr. MG1655",FALSE,"fwd"
"627","b2374","FORCT",TRUE,"frc","Escherichia coli str. K-12 substr. MG1655",TRUE,"fwd"
"6271","b2374","FORCT_b",TRUE,"frc","Escherichia coli str. K-12 substr. MG1655",TRUE,"bwd"
"628","b2378","EDTXS3",TRUE,"lpxP","Escherichia coli str. K-12 substr. MG1655",FALSE,"fwd"
"629","b2388","HEX1",TRUE,"glk","Escherichia coli str. K-12 substr. MG1655",FALSE,"fwd"
"632","b2400","GLUTRS",TRUE,"gltX","Escherichia coli str. K-12 substr. MG1655",FALSE,"fwd"
"643","b2428","ACM6PH",TRUE,"murQ","Escherichia coli str. K-12 substr. MG1655",FALSE,"fwd"
"644","b2436","CPPPGO",TRUE,"hemF","Escherichia coli str. K-12 substr. MG1655",FALSE,"fwd"
"645","b2463","ME2",TRUE,"maeB","Escherichia coli str. K-12 substr. MG1655",FALSE,"fwd"
"646","b2467","GDPMNP",TRUE,"nudK","Escherichia coli str. K-12 substr. MG1655",FALSE,"fwd"
"647","b2472","SDPDS",TRUE,"dapE","Escherichia coli str. K-12 substr. MG1655",FALSE,"fwd"
"648","b2476","PRASCSi",TRUE,"purC","Escherichia coli str. K-12 substr. MG1655",FALSE,"fwd"
"649","b2478","DHDPS",TRUE,"dapA","Escherichia coli str. K-12 substr. MG1655",FALSE,"fwd"
"650","b2497","URAt2pp_copy1",TRUE,"uraA","Escherichia coli str. K-12 substr. MG1655",FALSE,"fwd"
"651","b2498","UPPRT",TRUE,"upp","Escherichia coli str. K-12 substr. MG1655",FALSE,"fwd"
"652","b2499","PRAIS",TRUE,"purM","Escherichia coli str. K-12 substr. MG1655",FALSE,"fwd"
"653","b2500","GARFT",TRUE,"purN","Escherichia coli str. K-12 substr. MG1655",TRUE,"fwd"
"6531","b2500","GARFT_b",TRUE,"purN","Escherichia coli str. K-12 substr. MG1655",TRUE,"bwd"
"656","b2507","GMPS2",TRUE,"guaA","Escherichia coli str. K-12 substr. MG1655",FALSE,"fwd"
"657","b2508","IMPD",TRUE,"guaB","Escherichia coli str. K-12 substr. MG1655",FALSE,"fwd"
"658","b2514","HISTRS",TRUE,"hisS","Escherichia coli str. K-12 substr. MG1655",FALSE,"fwd"
"659","b2521","MCPST",TRUE,"sseA","Escherichia coli str. K-12 substr. MG1655",FALSE,"fwd"
"664","b2536","PPPNt2rpp",TRUE,"hcaT","Escherichia coli str. K-12 substr. MG1655",TRUE,"fwd"
"6641","b2536","PPPNt2rpp_b",TRUE,"hcaT","Escherichia coli str. K-12 substr. MG1655",TRUE,"bwd"
"671","b2557","PRFGS",TRUE,"purL","Escherichia coli str. K-12 substr. MG1655",FALSE,"fwd"
"683","b2587","AKGt2rpp",TRUE,"kgtP","Escherichia coli str. K-12 substr. MG1655",TRUE,"fwd"
"6831","b2587","AKGt2rpp_b",TRUE,"kgtP","Escherichia coli str. K-12 substr. MG1655",TRUE,"bwd"
"686","b2615","NADK",TRUE,"nadK","Escherichia coli str. K-12 substr. MG1655",FALSE,"fwd"
"687","b2663","ABUTt2pp",TRUE,"gabP","Escherichia coli str. K-12 substr. MG1655",FALSE,"fwd"
"688","b2687","RHCCE",TRUE,"luxS","Escherichia coli str. K-12 substr. MG1655",FALSE,"fwd"
"689","b2688","GLUCYS",TRUE,"gshA","Escherichia coli str. K-12 substr. MG1655",FALSE,"fwd"
"690","b2697","ALATRS",TRUE,"alaS","Escherichia coli str. K-12 substr. MG1655",FALSE,"fwd"
"691","b2705","SBTPD",TRUE,"srlD","Escherichia coli str. K-12 substr. MG1655",TRUE,"fwd"
"6911","b2705","SBTPD_b",TRUE,"srlD","Escherichia coli str. K-12 substr. MG1655",TRUE,"bwd"
"697","b2746","MECDPS",TRUE,"ispF","Escherichia coli str. K-12 substr. MG1655",FALSE,"fwd"
"698","b2747","MEPCT",TRUE,"ispD","Escherichia coli str. K-12 substr. MG1655",FALSE,"fwd"
"699","b2750","ADSK",TRUE,"cysC","Escherichia coli str. K-12 substr. MG1655",FALSE,"fwd"
"700","b2765","CPH4S",TRUE,"queD","Escherichia coli str. K-12 substr. MG1655",FALSE,"fwd"
"701","b2779","ENO",TRUE,"eno","Escherichia coli str. K-12 substr. MG1655",TRUE,"fwd"
"7011","b2779","ENO_b",TRUE,"eno","Escherichia coli str. K-12 substr. MG1655",TRUE,"bwd"
"702","b2780","CTPS2",TRUE,"pyrG","Escherichia coli str. K-12 substr. MG1655",FALSE,"fwd"
"706","b2794","CDGR",TRUE,"queF","Escherichia coli str. K-12 substr. MG1655",FALSE,"fwd"
"707","b2799","LCARS",TRUE,"fucO","Escherichia coli str. K-12 substr. MG1655",TRUE,"fwd"
"7071","b2799","LCARS_b",TRUE,"fucO","Escherichia coli str. K-12 substr. MG1655",TRUE,"bwd"
"708","b2801","FUCtpp",TRUE,"fucP","Escherichia coli str. K-12 substr. MG1655",TRUE,"fwd"
"7081","b2801","FUCtpp_b",TRUE,"fucP","Escherichia coli str. K-12 substr. MG1655",TRUE,"bwd"
"709","b2802","FCI",TRUE,"fucI","Escherichia coli str. K-12 substr. MG1655",TRUE,"fwd"
"7091","b2802","FCI_b",TRUE,"fucI","Escherichia coli str. K-12 substr. MG1655",TRUE,"bwd"
"710","b2803","FCLK",TRUE,"fucK","Escherichia coli str. K-12 substr. MG1655",FALSE,"fwd"
"711","b2810","CYSSADS",TRUE,"csdA","Escherichia coli str. K-12 substr. MG1655",FALSE,"fwd"
"712","b2818","ACGS",TRUE,"argA","Escherichia coli str. K-12 substr. MG1655",FALSE,"fwd"
"713","b2827","TMDS",TRUE,"thyA","Escherichia coli str. K-12 substr. MG1655",FALSE,"fwd"
"749","b2838","DAPDC",TRUE,"lysA","Escherichia coli str. K-12 substr. MG1655",FALSE,"fwd"
"750","b2841","ARBt2rpp",TRUE,"araE","Escherichia coli str. K-12 substr. MG1655",TRUE,"fwd"
"7501","b2841","ARBt2rpp_b",TRUE,"araE","Escherichia coli str. K-12 substr. MG1655",TRUE,"bwd"
"751","b2871","DAPAL",TRUE,"ygeX","Escherichia coli str. K-12 substr. MG1655",FALSE,"fwd"
"752","b2877","MOCDS",TRUE,"mocA","Escherichia coli str. K-12 substr. MG1655",FALSE,"fwd"
"753","b2883","GUAD",TRUE,"guaD","Escherichia coli str. K-12 substr. MG1655",FALSE,"fwd"
"754","b2889","IPDDI",TRUE,"idi","Escherichia coli str. K-12 substr. MG1655",TRUE,"fwd"
"7541","b2889","IPDDI_b",TRUE,"idi","Escherichia coli str. K-12 substr. MG1655",TRUE,"bwd"
"756","b2901","AB6PGH",TRUE,"bglA","Escherichia coli str. K-12 substr. MG1655",FALSE,"fwd"
"757","b2907","OMPHHX",TRUE,"ubiH","Escherichia coli str. K-12 substr. MG1655",FALSE,"fwd"
"758","b2912","FOMETRi",TRUE,"fau","Escherichia coli str. K-12 substr. MG1655",FALSE,"fwd"
"759","b2913","PGCD",TRUE,"serA","Escherichia coli str. K-12 substr. MG1655",FALSE,"fwd"
"760","b2917","MMM",TRUE,"scpA","Escherichia coli str. K-12 substr. MG1655",FALSE,"fwd"
"761","b2919","MMCD",TRUE,"scpB","Escherichia coli str. K-12 substr. MG1655",FALSE,"fwd"
"762","b2920","PPCSCT",TRUE,"scpC","Escherichia coli str. K-12 substr. MG1655",FALSE,"fwd"
"766","b2926","PGK",TRUE,"pgk","Escherichia coli str. K-12 substr. MG1655",TRUE,"fwd"
"7661","b2926","PGK_b",TRUE,"pgk","Escherichia coli str. K-12 substr. MG1655",TRUE,"bwd"
"767","b2937","AGMT",TRUE,"speB","Escherichia coli str. K-12 substr. MG1655",FALSE,"fwd"
"768","b2938","ARGDCpp",TRUE,"speA","Escherichia coli str. K-12 substr. MG1655",FALSE,"fwd"
"769","b2942","METAT",TRUE,"metK","Escherichia coli str. K-12 substr. MG1655",FALSE,"fwd"
"772","b2947","GTHS",TRUE,"gshB","Escherichia coli str. K-12 substr. MG1655",FALSE,"fwd"
"802","b3041","DB4PS",TRUE,"ribB","Escherichia coli str. K-12 substr. MG1655",FALSE,"fwd"
"814","b3063","TARTRt7pp",TRUE,"ttdT","Escherichia coli str. K-12 substr. MG1655",TRUE,"fwd"
"8141","b3063","TARTRt7pp_b",TRUE,"ttdT","Escherichia coli str. K-12 substr. MG1655",TRUE,"bwd"
"815","b3073","PTRCTA",TRUE,"patA","Escherichia coli str. K-12 substr. MG1655",FALSE,"fwd"
"818","b3091","ALTRH",TRUE,"uxaA","Escherichia coli str. K-12 substr. MG1655",FALSE,"fwd"
"824","b3124","GLYCK2",TRUE,"garK","Escherichia coli str. K-12 substr. MG1655",FALSE,"fwd"
"825","b3126","GLCRAL",TRUE,"garL","Escherichia coli str. K-12 substr. MG1655",FALSE,"fwd"
"826","b3128","GALCTD",TRUE,"garD","Escherichia coli str. K-12 substr. MG1655",FALSE,"fwd"
"828","b3172","ARGSS",TRUE,"argG","Escherichia coli str. K-12 substr. MG1655",FALSE,"fwd"
"829","b3176","PGAMT",TRUE,"glmM","Escherichia coli str. K-12 substr. MG1655",TRUE,"fwd"
"8291","b3176","PGAMT_b",TRUE,"glmM","Escherichia coli str. K-12 substr. MG1655",TRUE,"bwd"
"830","b3177","DHPS2",TRUE,"folP","Escherichia coli str. K-12 substr. MG1655",FALSE,"fwd"
"831","b3187","OCTDPS",TRUE,"ispB","Escherichia coli str. K-12 substr. MG1655",FALSE,"fwd"
"832","b3189","UAGCVT",TRUE,"murA","Escherichia coli str. K-12 substr. MG1655",FALSE,"fwd"
"833","b3196","CAt6pp",TRUE,"yrbG","Escherichia coli str. K-12 substr. MG1655",TRUE,"fwd"
"8331","b3196","CAt6pp_b",TRUE,"yrbG","Escherichia coli str. K-12 substr. MG1655",TRUE,"bwd"
"834","b3198","KDOPP",TRUE,"kdsC","Escherichia coli str. K-12 substr. MG1655",FALSE,"fwd"
"835","b3222","AMANK",TRUE,"nanK","Escherichia coli str. K-12 substr. MG1655",FALSE,"fwd"
"836","b3223","AMANAPEr",TRUE,"nanE","Escherichia coli str. K-12 substr. MG1655",TRUE,"fwd"
"8361","b3223","AMANAPEr_b",TRUE,"nanE","Escherichia coli str. K-12 substr. MG1655",TRUE,"bwd"
"837","b3224","ACNAMt2pp",TRUE,"nanT","Escherichia coli str. K-12 substr. MG1655",FALSE,"fwd"
"838","b3225","ACNML",TRUE,"nanA","Escherichia coli str. K-12 substr. MG1655",FALSE,"fwd"
"839","b3236","MDH",TRUE,"mdh","Escherichia coli str. K-12 substr. MG1655",TRUE,"fwd"
"8391","b3236","MDH_b",TRUE,"mdh","Escherichia coli str. K-12 substr. MG1655",TRUE,"bwd"
"840","b3258","PNTOt4pp",TRUE,"panF","Escherichia coli str. K-12 substr. MG1655",FALSE,"fwd"
"841","b3288","FMETTRS",TRUE,"fmt","Escherichia coli str. K-12 substr. MG1655",FALSE,"fwd"
"847","b3371","FRULYSDG",TRUE,"frlB","Escherichia coli str. K-12 substr. MG1655",TRUE,"fwd"
"8471","b3371","FRULYSDG_b",TRUE,"frlB","Escherichia coli str. K-12 substr. MG1655",TRUE,"bwd"
"848","b3374","FRULYSK",TRUE,"frlD","Escherichia coli str. K-12 substr. MG1655",FALSE,"fwd"
"849","b3384","TRPTRS",TRUE,"trpS","Escherichia coli str. K-12 substr. MG1655",FALSE,"fwd"
"850","b3385","PGLYCP",TRUE,"gph","Escherichia coli str. K-12 substr. MG1655",FALSE,"fwd"
"851","b3389","DHQS",TRUE,"aroB","Escherichia coli str. K-12 substr. MG1655",FALSE,"fwd"
"852","b3403","PPCK",TRUE,"pck","Escherichia coli str. K-12 substr. MG1655",FALSE,"fwd"
"853","b3409","FE2abcpp",TRUE,"feoB","Escherichia coli str. K-12 substr. MG1655",FALSE,"fwd"
"854","b3412","PMEACPE",TRUE,"bioH","Escherichia coli str. K-12 substr. MG1655",FALSE,"fwd"
"862","b3425","CYANST",TRUE,"glpE","Escherichia coli str. K-12 substr. MG1655",FALSE,"fwd"
"863","b3429","GLCS1",TRUE,"glgA","Escherichia coli str. K-12 substr. MG1655",FALSE,"fwd"
"864","b3430","GLGC",TRUE,"glgC","Escherichia coli str. K-12 substr. MG1655",FALSE,"fwd"
"865","b3431","GLDBRAN2",TRUE,"glgX","Escherichia coli str. K-12 substr. MG1655",FALSE,"fwd"
"866","b3432","GLBRAN2",TRUE,"glgB","Escherichia coli str. K-12 substr. MG1655",FALSE,"fwd"
"867","b3433","ASAD",TRUE,"asd","Escherichia coli str. K-12 substr. MG1655",TRUE,"fwd"
"8671","b3433","ASAD_b",TRUE,"asd","Escherichia coli str. K-12 substr. MG1655",TRUE,"bwd"
"868","b3447","GTHRDHpp",TRUE,"ggt","Escherichia coli str. K-12 substr. MG1655",FALSE,"fwd"
"880","b3500","GTHOr",TRUE,"gor","Escherichia coli str. K-12 substr. MG1655",TRUE,"fwd"
"8801","b3500","GTHOr_b",TRUE,"gor","Escherichia coli str. K-12 substr. MG1655",TRUE,"bwd"
"881","b3502","ASO3t8pp",TRUE,"arsB","Escherichia coli str. K-12 substr. MG1655",FALSE,"fwd"
"882","b3519","TREH",TRUE,"treF","Escherichia coli str. K-12 substr. MG1655",FALSE,"fwd"
"883","b3526","DDGLK",TRUE,"kdgK","Escherichia coli str. K-12 substr. MG1655",FALSE,"fwd"
"903","b3571","AAMYLpp",TRUE,"malS","Escherichia coli str. K-12 substr. MG1655",FALSE,"fwd"
"904","b3572","VPAMTr",TRUE,"avtA","Escherichia coli str. K-12 substr. MG1655",TRUE,"fwd"
"9041","b3572","VPAMTr_b",TRUE,"avtA","Escherichia coli str. K-12 substr. MG1655",TRUE,"bwd"
"905","b3575","DOGULNR",TRUE,"yiaK","Escherichia coli str. K-12 substr. MG1655",FALSE,"fwd"
"909","b3591","SELCYSS",TRUE,"selA","Escherichia coli str. K-12 substr. MG1655",FALSE,"fwd"
"910","b3600","M1PD",TRUE,"mtlD","Escherichia coli str. K-12 substr. MG1655",TRUE,"fwd"
"9101","b3600","M1PD_b",TRUE,"mtlD","Escherichia coli str. K-12 substr. MG1655",TRUE,"bwd"
"911","b3607","SERAT",TRUE,"cysE","Escherichia coli str. K-12 substr. MG1655",TRUE,"fwd"
"9111","b3607","SERAT_b",TRUE,"cysE","Escherichia coli str. K-12 substr. MG1655",TRUE,"bwd"
"912","b3608","G3PD2",TRUE,"gpsA","Escherichia coli str. K-12 substr. MG1655",TRUE,"fwd"
"9121","b3608","G3PD2_b",TRUE,"gpsA","Escherichia coli str. K-12 substr. MG1655",TRUE,"bwd"
"913","b3616","THRD",TRUE,"tdh","Escherichia coli str. K-12 substr. MG1655",FALSE,"fwd"
"914","b3617","GLYAT",TRUE,"kbl","Escherichia coli str. K-12 substr. MG1655",TRUE,"fwd"
"9141","b3617","GLYAT_b",TRUE,"kbl","Escherichia coli str. K-12 substr. MG1655",TRUE,"bwd"
"915","b3619","AGMHE",TRUE,"hldD","Escherichia coli str. K-12 substr. MG1655",FALSE,"fwd"
"916","b3620","HEPT2",TRUE,"waaF","Escherichia coli str. K-12 substr. MG1655",FALSE,"fwd"
"917","b3621","HEPT1",TRUE,"waaC","Escherichia coli str. K-12 substr. MG1655",FALSE,"fwd"
"920","b3623","HEPT4",TRUE,"waaU","Escherichia coli str. K-12 substr. MG1655",FALSE,"fwd"
"921","b3624","MOAT3C",TRUE,"waaZ","Escherichia coli str. K-12 substr. MG1655",FALSE,"fwd"
"922","b3625","HEPK2",TRUE,"waaY","Escherichia coli str. K-12 substr. MG1655",FALSE,"fwd"
"923","b3626","GLCTR3",TRUE,"waaR","Escherichia coli str. K-12 substr. MG1655",FALSE,"fwd"
"924","b3627","GLCTR2",TRUE,"waaO","Escherichia coli str. K-12 substr. MG1655",FALSE,"fwd"
"925","b3628","GALT1",TRUE,"waaB","Escherichia coli str. K-12 substr. MG1655",FALSE,"fwd"
"926","b3629","RHAT1",TRUE,"waaS","Escherichia coli str. K-12 substr. MG1655",FALSE,"fwd"
"927","b3630","HEPK1",TRUE,"waaP","Escherichia coli str. K-12 substr. MG1655",FALSE,"fwd"
"928","b3631","GLCTR1",TRUE,"waaG","Escherichia coli str. K-12 substr. MG1655",FALSE,"fwd"
"929","b3632","HEPT3",TRUE,"waaQ","Escherichia coli str. K-12 substr. MG1655",FALSE,"fwd"
"932","b3634","PTPATi",TRUE,"coaD","Escherichia coli str. K-12 substr. MG1655",FALSE,"fwd"
"935","b3642","ORPT",TRUE,"pyrE","Escherichia coli str. K-12 substr. MG1655",TRUE,"fwd"
"9351","b3642","ORPT_b",TRUE,"pyrE","Escherichia coli str. K-12 substr. MG1655",TRUE,"bwd"
"940","b3653","GLUt4pp",TRUE,"gltS","Escherichia coli str. K-12 substr. MG1655",FALSE,"fwd"
"942","b3665","ADD",TRUE,"adeD","Escherichia coli str. K-12 substr. MG1655",FALSE,"fwd"
"947","b3679","INOSTt4pp",TRUE,"yidK","Escherichia coli str. K-12 substr. MG1655",FALSE,"fwd"
"948","b3691","GALCTNt2pp",TRUE,"dgoT","Escherichia coli str. K-12 substr. MG1655",FALSE,"fwd"
"949","b3693","DDGALK",TRUE,"dgoK","Escherichia coli str. K-12 substr. MG1655",FALSE,"fwd"
"951","b3729","GF6PTA",TRUE,"glmS","Escherichia coli str. K-12 substr. MG1655",FALSE,"fwd"
"954","b3744","ASNS2",TRUE,"asnA","Escherichia coli str. K-12 substr. MG1655",FALSE,"fwd"
"955","b3752","RBK",TRUE,"rbsK","Escherichia coli str. K-12 substr. MG1655",FALSE,"fwd"
"962","b3779","GTPDPDP",TRUE,"gpp","Escherichia coli str. K-12 substr. MG1655",FALSE,"fwd"
"963","b3784","ACGAMT",TRUE,"wecA","Escherichia coli str. K-12 substr. MG1655",FALSE,"fwd"
"964","b3786","UAG2E",TRUE,"wecB","Escherichia coli str. K-12 substr. MG1655",TRUE,"fwd"
"9641","b3786","UAG2E_b",TRUE,"wecB","Escherichia coli str. K-12 substr. MG1655",TRUE,"bwd"
"965","b3787","UACMAMO",TRUE,"wecC","Escherichia coli str. K-12 substr. MG1655",FALSE,"fwd"
"966","b3790","TDPADGAT",TRUE,"wecD","Escherichia coli str. K-12 substr. MG1655",FALSE,"fwd"
"967","b3791","TDPAGTA",TRUE,"wecE","Escherichia coli str. K-12 substr. MG1655",FALSE,"fwd"
"968","b3792","ECAtpp",TRUE,"wzxE","Escherichia coli str. K-12 substr. MG1655",FALSE,"fwd"
"969","b3794","ACMAMUT",TRUE,"wecG","Escherichia coli str. K-12 substr. MG1655",FALSE,"fwd"
"970","b3804","UPP3S",TRUE,"hemD","Escherichia coli str. K-12 substr. MG1655",FALSE,"fwd"
"971","b3805","HMBS",TRUE,"hemC","Escherichia coli str. K-12 substr. MG1655",FALSE,"fwd"
"972","b3806","ADNCYC",TRUE,"cyaA","Escherichia coli str. K-12 substr. MG1655",FALSE,"fwd"
"973","b3809","DAPE",TRUE,"dapF","Escherichia coli str. K-12 substr. MG1655",TRUE,"fwd"
"9731","b3809","DAPE_b",TRUE,"dapF","Escherichia coli str. K-12 substr. MG1655",TRUE,"bwd"
"1053","b3831","PYNP2r",TRUE,"udp","Escherichia coli str. K-12 substr. MG1655",TRUE,"fwd"
"10531","b3831","PYNP2r_b",TRUE,"udp","Escherichia coli str. K-12 substr. MG1655",TRUE,"bwd"
"1056","b3835","OPHHX",TRUE,"ubiB","Escherichia coli str. K-12 substr. MG1655",FALSE,"fwd"
"1065","b3867","CPPPGO2",TRUE,"hemN","Escherichia coli str. K-12 substr. MG1655",FALSE,"fwd"
"1066","b3882","GHBDHx",TRUE,"yihU","Escherichia coli str. K-12 substr. MG1655",TRUE,"fwd"
"10661","b3882","GHBDHx_b",TRUE,"yihU","Escherichia coli str. K-12 substr. MG1655",TRUE,"bwd"
"1067","b3902","RMPA",TRUE,"rhaD","Escherichia coli str. K-12 substr. MG1655",TRUE,"fwd"
"10671","b3902","RMPA_b",TRUE,"rhaD","Escherichia coli str. K-12 substr. MG1655",TRUE,"bwd"
"1070","b3904","RMK",TRUE,"rhaB","Escherichia coli str. K-12 substr. MG1655",FALSE,"fwd"
"1085","b3919","TPI",TRUE,"tpiA","Escherichia coli str. K-12 substr. MG1655",TRUE,"fwd"
"10851","b3919","TPI_b",TRUE,"tpiA","Escherichia coli str. K-12 substr. MG1655",TRUE,"bwd"
"1086","b3926","GLYK",TRUE,"glpK","Escherichia coli str. K-12 substr. MG1655",FALSE,"fwd"
"1090","b3930","DHNAOT4",TRUE,"menA","Escherichia coli str. K-12 substr. MG1655",FALSE,"fwd"
"1091","b3939","SHSL1",TRUE,"metB","Escherichia coli str. K-12 substr. MG1655",FALSE,"fwd"
"1092","b3941","MTHFR2",TRUE,"metF","Escherichia coli str. K-12 substr. MG1655",FALSE,"fwd"
"1097","b3956","PPC",TRUE,"ppc","Escherichia coli str. K-12 substr. MG1655",FALSE,"fwd"
"1100","b3958","AGPR",TRUE,"argC","Escherichia coli str. K-12 substr. MG1655",TRUE,"fwd"
"11001","b3958","AGPR_b",TRUE,"argC","Escherichia coli str. K-12 substr. MG1655",TRUE,"bwd"
"1101","b3959","ACGK",TRUE,"argB","Escherichia coli str. K-12 substr. MG1655",FALSE,"fwd"
"1102","b3960","ARGSL",TRUE,"argH","Escherichia coli str. K-12 substr. MG1655",TRUE,"fwd"
"11021","b3960","ARGSL_b",TRUE,"argH","Escherichia coli str. K-12 substr. MG1655",TRUE,"bwd"
"1103","b3967","GLUR",TRUE,"murI","Escherichia coli str. K-12 substr. MG1655",TRUE,"fwd"
"11031","b3967","GLUR_b",TRUE,"murI","Escherichia coli str. K-12 substr. MG1655",TRUE,"bwd"
"1104","b3972","UAPGR",TRUE,"murB","Escherichia coli str. K-12 substr. MG1655",FALSE,"fwd"
"1105","b3974","PNTK",TRUE,"coaA","Escherichia coli str. K-12 substr. MG1655",FALSE,"fwd"
"1106","b3991","TYRL",TRUE,"thiG","Escherichia coli str. K-12 substr. MG1655",FALSE,"fwd"
"1107","b3993","TMPPP",TRUE,"thiE","Escherichia coli str. K-12 substr. MG1655",FALSE,"fwd"
"1108","b3994","AMPMS2",TRUE,"thiC","Escherichia coli str. K-12 substr. MG1655",FALSE,"fwd"
"1109","b3997","UPPDC1",TRUE,"hemE","Escherichia coli str. K-12 substr. MG1655",FALSE,"fwd"
"1110","b4005","PRAGSr",TRUE,"purD","Escherichia coli str. K-12 substr. MG1655",TRUE,"fwd"
"11101","b4005","PRAGSr_b",TRUE,"purD","Escherichia coli str. K-12 substr. MG1655",TRUE,"bwd"
"1113","b4013","HSST",TRUE,"metA","Escherichia coli str. K-12 substr. MG1655",FALSE,"fwd"
"1114","b4015","ICL",TRUE,"aceA","Escherichia coli str. K-12 substr. MG1655",FALSE,"fwd"
"1115","b4025","PGI",TRUE,"pgi","Escherichia coli str. K-12 substr. MG1655",TRUE,"fwd"
"11151","b4025","PGI_b",TRUE,"pgi","Escherichia coli str. K-12 substr. MG1655",TRUE,"bwd"
"1116","b4031","XYLt2pp",TRUE,"xylE","Escherichia coli str. K-12 substr. MG1655",FALSE,"fwd"
"1124","b4039","CHRPL",TRUE,"ubiC","Escherichia coli str. K-12 substr. MG1655",FALSE,"fwd"
"1125","b4040","HBZOPT",TRUE,"ubiA","Escherichia coli str. K-12 substr. MG1655",FALSE,"fwd"
"1144","b4084","ALLK",TRUE,"alsK","Escherichia coli str. K-12 substr. MG1655",FALSE,"fwd"
"1145","b4085","ALLULPE",TRUE,"alsE","Escherichia coli str. K-12 substr. MG1655",TRUE,"fwd"
"11451","b4085","ALLULPE_b",TRUE,"alsE","Escherichia coli str. K-12 substr. MG1655",TRUE,"bwd"
"1147","b4094","R15BPK",TRUE,"phnN","Escherichia coli str. K-12 substr. MG1655",FALSE,"fwd"
"1152","b4115","ARGAGMt7pp",TRUE,"adiC","Escherichia coli str. K-12 substr. MG1655",TRUE,"fwd"
"11521","b4115","ARGAGMt7pp_b",TRUE,"adiC","Escherichia coli str. K-12 substr. MG1655",TRUE,"bwd"
"1153","b4117","ARGDC",TRUE,"adiA","Escherichia coli str. K-12 substr. MG1655",FALSE,"fwd"
"1154","b4119","GALS3",TRUE,"melA","Escherichia coli str. K-12 substr. MG1655",FALSE,"fwd"
"1155","b4120","MELIBt2pp",TRUE,"melB","Escherichia coli str. K-12 substr. MG1655",FALSE,"fwd"
"1160","b4132","CADVtpp",TRUE,"cadB","Escherichia coli str. K-12 substr. MG1655",FALSE,"fwd"
"1161","b4139","ASPT",TRUE,"aspA","Escherichia coli str. K-12 substr. MG1655",FALSE,"fwd"
"1171","b4177","ADSS",TRUE,"purA","Escherichia coli str. K-12 substr. MG1655",FALSE,"fwd"
"1172","b4192","ASCBPL",TRUE,"ulaG","Escherichia coli str. K-12 substr. MG1655",FALSE,"fwd"
"1173","b4197","X5PL3E",TRUE,"ulaE","Escherichia coli str. K-12 substr. MG1655",FALSE,"fwd"
"1178","b4209","FESR",TRUE,"ytfE","Escherichia coli str. K-12 substr. MG1655",FALSE,"fwd"
"1187","b4214","BPNT",TRUE,"cysQ","Escherichia coli str. K-12 substr. MG1655",FALSE,"fwd"
"1190","b4239","TRE6PH",TRUE,"treC","Escherichia coli str. K-12 substr. MG1655",FALSE,"fwd"
"1192","b4258","VALTRS",TRUE,"valS","Escherichia coli str. K-12 substr. MG1655",FALSE,"fwd"
"1195","b4266","5DGLCNR",TRUE,"idnO","Escherichia coli str. K-12 substr. MG1655",TRUE,"fwd"
"11951","b4266","5DGLCNR_b",TRUE,"idnO","Escherichia coli str. K-12 substr. MG1655",TRUE,"bwd"
"1199","b4322","MNNH",TRUE,"uxuA","Escherichia coli str. K-12 substr. MG1655",FALSE,"fwd"
"1200","b4323","MANAO",TRUE,"uxuB","Escherichia coli str. K-12 substr. MG1655",TRUE,"fwd"
"12001","b4323","MANAO_b",TRUE,"uxuB","Escherichia coli str. K-12 substr. MG1655",TRUE,"bwd"
"1201","b4356","GALCTNLt2pp",TRUE,"lgoT","Escherichia coli str. K-12 substr. MG1655",FALSE,"fwd"
"1202","b4358","GALCTLO",TRUE,"lgoD","Escherichia coli str. K-12 substr. MG1655",FALSE,"fwd"
"1206","b4381","DRPA",TRUE,"deoC","Escherichia coli str. K-12 substr. MG1655",FALSE,"fwd"
"1214","b4388","PSP_L",TRUE,"serB","Escherichia coli str. K-12 substr. MG1655",FALSE,"fwd"
"1217","b4474","FRULYSE",TRUE,"frlC","Escherichia coli str. K-12 substr. MG1655",TRUE,"fwd"
"12171","b4474","FRULYSE_b",TRUE,"frlC","Escherichia coli str. K-12 substr. MG1655",TRUE,"bwd"
"1218","b4477","DDPGALA",TRUE,"dgoA","Escherichia coli str. K-12 substr. MG1655",TRUE,"fwd"
"12181","b4477","DDPGALA_b",TRUE,"dgoA","Escherichia coli str. K-12 substr. MG1655",TRUE,"bwd"
"1219","b4478","GALCTND",TRUE,"dgoD","Escherichia coli str. K-12 substr. MG1655",FALSE,"fwd"
"1220","b4481","AADDGT",TRUE,"wecF","Escherichia coli str. K-12 substr. MG1655",FALSE,"fwd"
